Metastatic Step,n_samples,n_positive,auroc_mean,auroc_lower,auroc_upper,auprc_mean,auprc_lower,auprc_upper,P@3,P@5,P@10,Precision@3,Diagonal Dominance,Enrichment p-value,Cohen's d
Primary Growth,38,4,1.0,1.0,1.0,1.0,1.0,1.0,1.0,0.8,0.4,1.0,1.0,5.47e-04,3.431
Local Invasion,38,6,0.9891972229142794,0.9530847537878788,1.0,0.94615779166971,0.7285000000000001,1.0,1.0,0.8,0.6,1.0,0.833,5.73e-05,2.555
Intravasation,38,6,0.9356245979802528,0.8072706653225806,1.0,0.8345363207889094,0.5151298701298701,1.0,1.0,0.8,0.5,1.0,0.667,3.14e-04,2.376
Survival In Circulation,38,6,1.0,1.0,1.0,1.0,1.0,1.0,1.0,1.0,0.6,1.0,0.667,6.51e-05,4.191
Extravasation,38,5,1.0,1.0,1.0,1.0,1.0,1.0,1.0,1.0,0.5,1.0,1.0,2.83e-06,4.724
Micrometastasis Formation,38,6,0.9900379396145468,0.9515151515151516,1.0,0.9595236134940544,0.8222222222222222,1.0,1.0,1.0,0.6,1.0,0.833,1.67e-05,3.201
Angiogenesis,38,6,0.9946036446229676,0.9684895833333332,1.0,0.9742977599152298,0.8333333333333333,1.0,1.0,1.0,0.6,1.0,0.667,6.51e-05,3.485
Metastatic Colonization,38,11,0.9942677553910726,0.9732134304871374,1.0,0.9845955406004234,0.9272159090909092,1.0,1.0,1.0,1.0,1.0,0.636,1.00e-04,3.447
