{
  "timestamp": "2025-12-24T04:18:07.011132",
  "cohort": {
    "total": 149,
    "positive": 24,
    "negative": 125
  },
  "proxy_sae": {
    "method": "DDR_gene_count / 3.0",
    "auroc": 0.6313333333333333,
    "ci_95": [
      0.5145009689922481,
      0.7372386050238521
    ],
    "score_resistant_mean": 0.15277777777777776,
    "score_sensitive_mean": 0.06666666666666667
  },
  "true_sae": {
    "method": "29_feature_sum",
    "auroc": 0.48533333333333334,
    "ci_95": [
      0.32741192479796966,
      0.6402838318954149
    ],
    "score_resistant_mean": 1.4891336315001051,
    "score_sensitive_mean": 1.2705874228477478
  },
  "delta_auroc": -0.14599999999999996,
  "interpretation": "PROXY SAE outperforms TRUE SAE (unexpected)"
}