step,diagonal_count,total_true,total_predicted,enrichment_pvalue
primary_growth,4.0,4.0,9.0,0.0005471124620060791
local_invasion,5.0,6.0,8.0,0.00014977313774723584
intravasation,2.0,6.0,2.0,0.012244897959183673
survival_in_circulation,4.0,6.0,5.0,0.00031433479959976595
extravasation,4.0,5.0,4.0,2.171081198436822e-05
micrometastasis_formation,6.0,6.0,8.0,1.7620369146733627e-06
angiogenesis,4.0,6.0,5.0,0.00031433479959976595
metastatic_colonization,7.0,11.0,9.0,0.00010019023852038076
