Metastatic Step,n_samples,n_positive,auroc_mean,auroc_lower,auroc_upper,auprc_mean,auprc_lower,auprc_upper,P@3,P@5,P@10,Precision@3,Diagonal Dominance,Enrichment p-value,Cohen's d
Primary Growth,38,4,1.0,1.0,1.0,1.0,1.0,1.0,1.0,0.8,0.4,1.0,1.0,5.47e-04,2.926
Local Invasion,38,6,0.9551620665594802,0.8377252252252253,1.0,0.9028050778067598,0.6000000000000001,1.0,1.0,1.0,0.5,1.0,0.833,1.50e-04,2.236
Intravasation,38,6,0.8981428424854746,0.6877118756290058,1.0,0.8169234155063254,0.4822619047619048,1.0,1.0,0.8,0.5,1.0,0.333,1.22e-02,1.886
Survival In Circulation,38,6,1.0,1.0,1.0,1.0,1.0,1.0,1.0,1.0,0.6,1.0,0.667,3.14e-04,3.396
Extravasation,38,5,0.9943116482352228,0.96875,1.0,0.9691820294058724,0.8333333333333333,1.0,1.0,0.8,0.5,1.0,0.8,2.17e-05,2.898
Micrometastasis Formation,38,6,1.0,1.0,1.0,1.0,1.0,1.0,1.0,1.0,0.6,1.0,1.0,1.76e-06,3.104
Angiogenesis,38,6,0.9787381355970082,0.9160539215686274,1.0,0.9315812384786424,0.7,1.0,1.0,1.0,0.6,1.0,0.667,3.14e-04,2.596
Metastatic Colonization,38,11,0.9801076429717756,0.9278413461538464,1.0,0.965988426714474,0.8764338235294118,1.0,1.0,1.0,1.0,1.0,0.636,1.00e-04,3.508
