step,n_samples,n_positive,auroc_mean,auroc_lower,auroc_upper,auprc_mean,auprc_lower,auprc_upper,P@3,P@5,P@10
primary_growth,38,4,1.0,0.9999999999999999,1.0,1.0,1.0,1.0,1.0,0.8,0.4
local_invasion,38,6,0.9551620665594802,0.8377252252252253,1.0,0.9028050778067598,0.6000000000000001,1.0,1.0,1.0,0.5
intravasation,38,6,0.8981428424854746,0.6877118756290058,1.0,0.8169234155063254,0.48226190476190484,1.0,1.0,0.8,0.5
survival_in_circulation,38,6,1.0,0.9999999999999999,1.0,1.0,0.9999999999999999,1.0,1.0,1.0,0.6
extravasation,38,5,0.9943116482352228,0.96875,1.0,0.9691820294058724,0.8333333333333333,1.0,1.0,0.8,0.5
micrometastasis_formation,38,6,1.0,0.9999999999999999,1.0,1.0,0.9999999999999999,1.0,1.0,1.0,0.6
angiogenesis,38,6,0.9787381355970082,0.9160539215686274,1.0,0.9315812384786424,0.7,1.0,1.0,1.0,0.6
metastatic_colonization,38,11,0.9801076429717757,0.9278413461538463,1.0,0.965988426714474,0.8764338235294118,1.0,1.0,1.0,1.0
