{
  "dataset": "real_target_lock_data.csv",
  "n_genes": 14,
  "n_missions": 8,
  "positives_genes": 7,
  "method": "Target-Lock (max over missions per gene)",
  "per_gene": {
    "auroc": 0.5306122448979592,
    "auprc": 0.5423469387755101,
    "auroc_ci95": [
      0.2,
      0.875
    ],
    "auprc_ci95": [
      0.2777777777777778,
      0.9206349206349207
    ]
  },
  "pooled_rows": {
    "n": 112,
    "auroc": 0.5306122448979592,
    "auprc": 0.5423469387755101
  },
  "per_mission": {
    "angiogenesis": {
      "n": 14,
      "positives": 7,
      "auroc": 0.5306122448979592,
      "auprc": 0.5423469387755101
    },
    "extravasation": {
      "n": 14,
      "positives": 7,
      "auroc": 0.5306122448979592,
      "auprc": 0.5423469387755101
    },
    "intravasation": {
      "n": 14,
      "positives": 7,
      "auroc": 0.5306122448979592,
      "auprc": 0.5423469387755101
    },
    "local_invasion": {
      "n": 14,
      "positives": 7,
      "auroc": 0.5306122448979592,
      "auprc": 0.5423469387755101
    },
    "metastatic_colonization": {
      "n": 14,
      "positives": 7,
      "auroc": 0.5306122448979592,
      "auprc": 0.5423469387755101
    },
    "micrometastasis_formation": {
      "n": 14,
      "positives": 7,
      "auroc": 0.5306122448979592,
      "auprc": 0.5423469387755101
    },
    "primary_growth": {
      "n": 14,
      "positives": 7,
      "auroc": 0.5306122448979592,
      "auprc": 0.5423469387755101
    },
    "survival_in_circulation": {
      "n": 14,
      "positives": 7,
      "auroc": 0.5306122448979592,
      "auprc": 0.5423469387755101
    }
  }
}